{
  "documents": [],
  "tables_parsed": [],
  "tables_source_info": [],
  "images": [
    {
      "original_name": "csif_logo",
      "file_name": "csif_logo.jpg",
      "file_path": "/workspace/calculadora_vacaciones/public/images/csif_logo.jpg",
      "rel_path": "images/csif_logo.jpg",
      "file_type": "jpg",
      "category": "images"
    }
  ],
  "summary": {
    "total_files": 1,
    "by_category": {
      "documents": 0,
      "tables_parsed": 0,
      "tables_source_info": 0,
      "images": 1
    },
    "processing_time": null
  }
}